Doraemon,Nobita,Shizuka,Giant,Suneo
Doraemon,Nobita,Shizuka,Giant,Suneo
Doraemon,Nobita,Shizuka,Giant,Suneo
Doraemon,Nobita,Shizuka,Giant,Suneo
Doraemon,Nobita,Shizuka,Giant,Suneo
Doraemon,Nobita,Shizuka,Giant,Suneo
Nobita,Shizuka,Giant,Suneo,Doraemon
Nobita,Shizuka,Giant,Suneo,Doraemon
Nobita,Shizuka,Giant,Suneo,Doraemon
Nobita,Shizuka,Giant,Suneo,Doraemon
Nobita,Shizuka,Giant,Suneo,Doraemon
Nobita,Shizuka,Giant,Suneo,Doraemon
Shizuka,Giant,Suneo,Doraemon,Nobita
Shizuka,Giant,Suneo,Doraemon,Nobita
Shizuka,Giant,Suneo,Doraemon,Nobita
Shizuka,Giant,Suneo,Doraemon,Nobita